Name,Gender,Culture
Shep,Male,Western
Haskle,Male,Western
Dewuan,Male,Western
Peyden,Male,Western
Cobra,Male,Western
Campion,Male,Western
Hamarama,Male,Western
Hellen,Male,Western
Ryland,Male,Western
Demariae,Male,Western
Dayvonne,Male,Western
Cesar'E-Luke,Male,Western
Donson,Male,Western
Neuman,Male,Western
Lorren,Male,Western
Chadrick,Male,Western
Badar,Male,Western
Jadien,Male,Western
Wrigley,Male,Western
Javan,Male,Western
Kylik,Male,Western
Jarad,Male,Western
Saharsh,Male,Western
Manolis,Male,Western
Jacaury,Male,Western
Dmitris,Male,Western
Dyvon,Male,Western
Damante,Male,Western
Vu-Khoa,Male,Western
Constandino,Male,Western
Cheenou,Male,Western
Mahadi,Male,Western
Ivyon,Male,Western
Daejuan,Male,Western
Malakie,Male,Western
Jonael,Male,Western
Jaitej,Male,Western
Iago,Male,Western
Ciel,Male,Western
Artin,Male,Western
Giddeon,Male,Western
Tag,Male,Western
Mukul,Male,Western
Iggy,Male,Western
Zekiel,Male,Western
Edsell,Male,Western
Shadrack,Male,Western
Aleksis,Male,Western
Lochlainn,Male,Western
Yeyson,Male,Western
Caliel,Male,Western
Taimoor,Male,Western
Remington,Male,Western
Molly,Male,Western
Tahliesen-Matthew,Male,Western
Unnabh,Male,Western
Whitaker,Male,Western
Juac,Male,Western
Jacquise,Male,Western
Nalen,Male,Western
Billee,Male,Western
Pilar,Male,Western
Detavion,Male,Western
Lynette,Male,Western
Amos,Male,Western
Herik,Male,Western
Anterious,Male,Western
Jonatham,Male,Western
Kaimere,Male,Western
Oladapo,Male,Western
Danzel,Male,Western
Bunny,Male,Western
Orven,Male,Western
Waryn,Male,Western
Hains,Male,Western
Gary-Peter,Male,Western
Kahran,Male,Western
Darcus,Male,Western
Kayllan,Male,Western
Khyri,Male,Western
Ratan,Male,Western
Dandrea,Male,Western
Sadarian,Male,Western
Lafeyette,Male,Western
Jamhal,Male,Western
Arcirios,Male,Western
Bao-Loc,Male,Western
Jaycion,Male,Western
Blynn,Male,Western
Jhy,Male,Western
Paolo-Adriano,Male,Western
Tiviany,Male,Western
Vachel,Male,Western
Shandale,Male,Western
Torray,Male,Western
Sahishnu,Male,Western
Kairan,Male,Western
Stacy,Male,Western
Jefre,Male,Western
Amaurion,Male,Western
Levera,Female,Western
Zarabell,Female,Western
Kesha,Female,Western
Ashlene,Female,Western
Jizel,Female,Western
Serena-Lee,Female,Western
Reniece,Female,Western
Lubertha,Female,Western
Makalia,Female,Western
Alashia,Female,Western
Charlinda,Female,Western
Kendriana,Female,Western
Twilight,Female,Western
Flaura,Female,Western
Laykin,Female,Western
Elgina,Female,Western
Lasheena,Female,Western
Zuheily,Female,Western
Littzy,Female,Western
Wednesday,Female,Western
Bhavneet,Female,Western
Netty,Female,Western
Rivah,Female,Western
Una,Female,Western
Cosandra,Female,Western
Chailyn,Female,Western
Celiana,Female,Western
Tolofi,Female,Western
Chasidy,Female,Western
Analilia,Female,Western
Elexys,Female,Western
Kyeesha,Female,Western
Tierny,Female,Western
Jazariyah,Female,Western
Kryston,Female,Western
Doni,Female,Western
Stephenee,Female,Western
Kahlia,Female,Western
Nurhuda,Female,Western
Aleaha,Female,Western
Aubrea,Female,Western
Clarisa,Female,Western
Miquela,Female,Western
Kyre,Female,Western
Delories,Female,Western
Rashima,Female,Western
Fatmah,Female,Western
Alysah-Rose,Female,Western
Karmil,Female,Western
Destinei,Female,Western
Aveera,Female,Western
Shanez,Female,Western
Suyai,Female,Western
Baiya,Female,Western
Arnavi,Female,Western
Zyera,Female,Western
Ivka,Female,Western
Alissiya,Female,Western
Keyonnie,Female,Western
Kham,Female,Western
Zakayla,Female,Western
Safya,Female,Western
Jamilett,Female,Western
Mijan,Female,Western
Sarne,Female,Western
Nataija,Female,Western
Malayja,Female,Western
Shahani,Female,Western
Malya,Female,Western
Haelee,Female,Western
Sachika,Female,Western
Yarin,Female,Western
Margrette,Female,Western
Cesia,Female,Western
Tammi,Female,Western
Shawnon,Female,Western
Aubryn,Female,Western
Evaney,Female,Western
Reni,Female,Western
Glee,Female,Western
Rongyan,Female,Western
Calliemae,Female,Western
Dekayla,Female,Western
Rosemae,Female,Western
Lucill,Female,Western
Phoung,Female,Western
Annamolly,Female,Western
Saedi,Female,Western
Eleasah,Female,Western
Lexly,Female,Western
Sameko,Female,Western
Beris,Female,Western
Tora,Female,Western
Kalylah,Female,Western
Niav,Female,Western
Tavey,Female,Western
Lying,Female,Western
Izabelle,Female,Western
Taishia,Female,Western
Onita,Female,Western
Tạ Quang Hiển,Male,Vietnamese
Trần Hoàng Sơn,Male,Vietnamese
Lê Trung Hiếu,Male,Vietnamese
Huỳnh Anh Kiệt,Male,Vietnamese
Phạm Công Khoa,Male,Vietnamese
Trần Hửu Tín,Male,Vietnamese
Trần Hữu Trang,Male,Vietnamese
Trần Minh Trung,Male,Vietnamese
Nguyễn Anh Tuấn,Male,Vietnamese
Mai Văn Hùng,Male,Vietnamese
Phùng Minh Trí,Male,Vietnamese
Phạm Trung Kiên,Male,Vietnamese
Nguyễn Minh Tiến,Male,Vietnamese
Nguyễn Thế Hùng Thái,Male,Vietnamese
Trần Anh Duy,Male,Vietnamese
Lê Khắc Hải,Male,Vietnamese
Nguyễn Hoài Nam,Male,Vietnamese
Lạc Quốc Huy,Male,Vietnamese
Võ Thiện Long,Male,Vietnamese
Trần Văn Trọng,Male,Vietnamese
Nguyễn Văn Trường,Male,Vietnamese
Nguyễn Vĩ Kha,Male,Vietnamese
Hoàng Văn Hiệp,Male,Vietnamese
Lê Phước Linh,Male,Vietnamese
Lê Khắc Khanh,Male,Vietnamese
Nguyễn Tiến Đạt,Male,Vietnamese
Nguyễn Đức Hy,Male,Vietnamese
Võ Quang Triều,Male,Vietnamese
Trần Anh Vũ,Male,Vietnamese
Bùi Huy Cương,Male,Vietnamese
Vi Đức Anh,Male,Vietnamese
Huỳnh Trọng Khoa,Male,Vietnamese
Võ Văn Long,Male,Vietnamese
Lê Võ Minh Duy,Male,Vietnamese
Huỳnh Anh,Male,Vietnamese
Nông Đức Hiếu,Male,Vietnamese
Lê Võ Ngọc Anh,Male,Vietnamese
Phạm Nguyễn Ngọc Đại,Male,Vietnamese
Lưu Văn An,Male,Vietnamese
Trần Trường Nghi,Male,Vietnamese
Lộc Đức Thắng,Male,Vietnamese
Rơ Zu,Male,Vietnamese
Nguyễn Đình Chương,Male,Vietnamese
Nguyễn Kim Thiên,Male,Vietnamese
Tăng Ngọc Thạch,Male,Vietnamese
Bành Ngọc Ninh,Male,Vietnamese
Phan Lâm Cường,Male,Vietnamese
Huỳnh Di,Male,Vietnamese
Nguyễn Vĩnh Hải,Male,Vietnamese
Đặng Ngọc Duy,Male,Vietnamese
Nguyễn Chí Bảo,Male,Vietnamese
Vũ Mạnh Cường,Male,Vietnamese
Nguyễn Nhật Quang,Male,Vietnamese
Phạm Hồ Lượng,Male,Vietnamese
Huỳnh Phú Đức,Male,Vietnamese
Trần Văn Khánh,Male,Vietnamese
Trần Việt Huy,Male,Vietnamese
Phạm Hùng Hậu,Male,Vietnamese
Nguyễn Trần Quốc Trung,Male,Vietnamese
Trần Hồng Phúc,Male,Vietnamese
Lê Văn Anh,Male,Vietnamese
Nguyễn Văn Nam,Male,Vietnamese
Trần Minh Đức,Male,Vietnamese
Nguyễn Vĩnh Hoàng Phúc,Male,Vietnamese
Phạm Minh Nghĩa,Male,Vietnamese
Nguyễn Hoài Bảo,Male,Vietnamese
Ngô Tấn Phát,Male,Vietnamese
Trần Minh Khôi,Male,Vietnamese
Bùi Trọng Trường,Male,Vietnamese
Huỳnh Lê Hiếu Nam,Male,Vietnamese
Trần Duy Khánh,Male,Vietnamese
Nguyễn Thị Anh Tú,Male,Vietnamese
Nguyễn Xuân Chiến,Male,Vietnamese
Lê Đức Phát,Male,Vietnamese
Lâm Quốc Bảo,Male,Vietnamese
Nguyễn Anh Khoa,Male,Vietnamese
Đặng Đình Thiện,Male,Vietnamese
Trương Đình Văn,Male,Vietnamese
Trần Thanh Lâm,Male,Vietnamese
Phan Quốc Dương,Male,Vietnamese
Huỳnh Tấn Khoa,Male,Vietnamese
Bùi Quang Trung,Male,Vietnamese
Nguyễn Minh Luân,Male,Vietnamese
Trần Công Minh,Male,Vietnamese
Nguyễn Đức Lâm,Male,Vietnamese
Trần Đăng Khoa,Male,Vietnamese
Nguyê Quô Quân,Male,Vietnamese
Bùi Văn Thuận,Male,Vietnamese
Dương Mộng Linh,Male,Vietnamese
Nguyễn Quốc Cường,Male,Vietnamese
Phạm Ngọc Hoàng,Male,Vietnamese
Huỳnh Lê Hữu Trí,Male,Vietnamese
Lã Văn Lý,Male,Vietnamese
Nguyễn Trần Minh Thuận,Male,Vietnamese
Đỗ Văn Thịnh,Male,Vietnamese
Cao Văn Sự,Male,Vietnamese
Đinh Đệ,Male,Vietnamese
Vũ Công Thuận,Male,Vietnamese
Trịnh Xuân Quyền,Male,Vietnamese
Nguyễn Nhật Hùng,Male,Vietnamese
Nguyễn Thị Gấm,Female,Vietnamese
Đoàn Thị Hoa Lài,Female,Vietnamese
Lê Thị Linh,Female,Vietnamese
Phạm Thị Tuyết Trinh,Female,Vietnamese
Lê Thị Tấn,Female,Vietnamese
Trần Thị Trinh,Female,Vietnamese
Trần Thị Thủy Quyên,Female,Vietnamese
Nguyễn Thị Bình Nguyên,Female,Vietnamese
Đinh Thị Thúy Oanh,Female,Vietnamese
Đào Thị Thu Trang,Female,Vietnamese
Nguyễn Lượng ánh Tuyết,Female,Vietnamese
Nguyễn Thị Tuyết Ngân,Female,Vietnamese
Đào Thị Thúy,Female,Vietnamese
TrỊnh Thị Huyền Trang,Female,Vietnamese
Nguyễn Thị Thúy Cẩm,Female,Vietnamese
Bùi Nguyễn Quế Trân,Female,Vietnamese
Nguyễn Hà Thu,Female,Vietnamese
Nguyễn Thị Huế,Female,Vietnamese
Bùi Thị Bích Hậu,Female,Vietnamese
Vũ Thảo Vy,Female,Vietnamese
Nguyễn Thị Thanh,Female,Vietnamese
Nguyễn Thiên Trang,Female,Vietnamese
Trần Vân Châu,Female,Vietnamese
Nguyễn Vương Trúc Linh,Female,Vietnamese
Phạm Thị Như Ý,Female,Vietnamese
Nguyễn Thị Dịu,Female,Vietnamese
Trần Thị Ánh Linh,Female,Vietnamese
Phạm Thị Hằng,Female,Vietnamese
Võ Trần Hồng Cơ,Female,Vietnamese
Nguyễn Thị Tú Anh,Female,Vietnamese
Nguyễn Thị Thanh Nhàn,Female,Vietnamese
Nguyễn Thị Minh Thư,Female,Vietnamese
Bùi Thị Như Hà,Female,Vietnamese
Diệp Quỳnh Như,Female,Vietnamese
Nguyễn Thị Viết Hương,Female,Vietnamese
Huỳnh Thị Nhi,Female,Vietnamese
Nguyễn Thị Ngọc Linh,Female,Vietnamese
Trương Thị Mỹ Duyên,Female,Vietnamese
Lê Thị Hồng Thắm,Female,Vietnamese
Đoàn Thanh Kiều,Female,Vietnamese
Lê Thị Hồng Đào,Female,Vietnamese
Nguyễn Thị Bim,Female,Vietnamese
Cao Thanh Ngân,Female,Vietnamese
Huỳnh Thị Yến Linh,Female,Vietnamese
Trần Thị Thúy Trinh,Female,Vietnamese
Nguyễn Thị Phượng,Female,Vietnamese
Nguyễn Huỳnh Nguyệt Nhi,Female,Vietnamese
Nguyễn Thị Hà Thuyên,Female,Vietnamese
Nguyễn Thị Kim Tuyến,Female,Vietnamese
Đinh Thị Ngọc Hiếu,Female,Vietnamese
Lê Thị Kim Tho,Female,Vietnamese
Nguyễn Thị Huyền Trâm,Female,Vietnamese
Nguyễn Thị Thu Thủy,Female,Vietnamese
Nguyễn Thị Hường,Female,Vietnamese
Lê Thị Kim Ngân,Female,Vietnamese
Trần Quỳnh Như,Female,Vietnamese
Đinh Thị Thùy Dương,Female,Vietnamese
Dương Thị Ngọc Anh,Female,Vietnamese
Nguyễn Thị Thảo Nhi,Female,Vietnamese
Trần Thị Ly Kha,Female,Vietnamese
Lê Thị Ngọc Yến,Female,Vietnamese
Vũ Thị Kỳ Duyên,Female,Vietnamese
Võ Thị Anh Thơ,Female,Vietnamese
Phan Thị Lành,Female,Vietnamese
Nông Thị Huyền,Female,Vietnamese
PhạmThanh Bảo Hà,Female,Vietnamese
Lê Nguyễn Thanh Nhi,Female,Vietnamese
Đỗ Thị Tuyết Mai,Female,Vietnamese
Trần Thanh Tuyền,Female,Vietnamese
Huỳnh Thị Thanh Hằng,Female,Vietnamese
Nguyễn Thị Hương,Female,Vietnamese
Nguyễn Thị Mỹ Huyền,Female,Vietnamese
Nguyễn HuỳnhTú Trinh,Female,Vietnamese
Nguyễn Hữu Nhật Hạ,Female,Vietnamese
Trần Thị Ngọc Hiếu,Female,Vietnamese
Phạm Ngọc Hà Trang,Female,Vietnamese
Huỳnh Thị Kim Chung,Female,Vietnamese
Trần Mai Lam,Female,Vietnamese
Nguyễn Thị Hương Lan,Female,Vietnamese
Huỳnh Thị Mỹ Nữ,Female,Vietnamese
Nguyễn Thị Huyền,Female,Vietnamese
Dương Thị Lệ Trinh,Female,Vietnamese
Hoàng Thị Nhân Hạnh Phúc,Female,Vietnamese
Hồ Anh Ty,Female,Vietnamese
Nguyễn Thị Tố Uyên,Female,Vietnamese
Nguyễn Thị Thu Hiền,Female,Vietnamese
Nguyễn Thị Thu Hà,Female,Vietnamese
Dương Huỳnh Hồng Tâm,Female,Vietnamese
Lê Thị Bích Huyền,Female,Vietnamese
Âu Thị Khánh Vy,Female,Vietnamese
Nguyễn Thị Kim Nguyên,Female,Vietnamese
Phạm Thị Yến Khoa,Female,Vietnamese
Phạm Thị Thanh Tuyền,Female,Vietnamese
Nguyễn Thị Yến,Female,Vietnamese
Bùi Thị Nhung,Female,Vietnamese
Nguyễn Châu Thanh Thảo,Female,Vietnamese
Nguyễn Thị Thanh Trúc,Female,Vietnamese
Lê Thị Mộng Thùy Dương,Female,Vietnamese
Trần Thị Thùy Duyên,Female,Vietnamese
Nguyễn Thị Huỳnh Như,Female,Vietnamese
